theme,query,impressions,clicks,position
"benefits, perks & discounts",best employee discounts,437,12,16.9
"benefits, perks & discounts",best benefits for employees,50,1,43
"benefits, perks & discounts",best employee discount,31,1,14.1
"benefits, perks & discounts",best company perks,27,1,20.5
"benefits, perks & discounts",companies with unique employee benefits,4,1,3.2
engagement,employee engagement contest ideas,506,1,27.1
engagement,best ice breaker questions,335,2,20.1
engagement,fun team building ideas,250,1,59
engagement,ice breaker meaning,133,1,16.5
engagement,best ice breakers,68,1,27.3
engagement,best icebreakers,64,1,28.1
engagement,june employee engagement ideas,60,1,44
engagement,august employee engagement ideas,39,1,20.6
engagement,difference between teamwork and team building,16,1,3.6
engagement,best ice breaker questions for work,13,1,18.5
engagement,employee engagement plan template excel,2,1,5.5
engagement,icebreaker ideas for adults,1,1,42
engagement,office break room design ideas,1,1,18
engagement,best icebreaker questions for team meetings,1,1,25
engagement,best icebreaker questions for work,1,1,22
engagement,best meeting icebreakers,1,1,43
engagement,employee engagement action plan template excel,1,1,6
gifts & awards,secret santa ideas for work,835,2,17.1
gifts & awards,secret santa gift ideas for coworkers,765,2,21.8
gifts & awards,retirement gift ideas,475,3,27.6
gifts & awards,what is a superlative award,460,3,8.4
gifts & awards,best gift for retirement,432,10,12.1
gifts & awards,retirement gift ideas for men,377,6,13.3
gifts & awards,best gift for retirement function,274,2,10.3
gifts & awards,best retirement gifts for men,270,8,10.5
gifts & awards,superlative award ideas,221,2,9.7
gifts & awards,retirement gifts for men ideas,189,5,10.3
gifts & awards,gift ideas for retirement men,149,8,9
gifts & awards,best gift for retirement party,149,3,11.1
gifts & awards,best gift for retirement men,117,7,8.7
gifts & awards,best gift on retirement,95,1,11.6
gifts & awards,best gift for retired person,89,2,12.6
gifts & awards,best retirement gift,87,2,15.5
gifts & awards,gift ideas for retirement function,77,1,9
gifts & awards,best retirement gift ideas,71,1,32.3
gifts & awards,what to gift on retirement,66,2,10.9
gifts & awards,gift ideas for retirement party,54,1,12.3
gifts & awards,work secret santa gift ideas,52,2,12.1
gifts & awards,best gift for retirement women,49,1,10.7
gifts & awards,what is a good retirement gift for a woman in india,42,2,8.6
gifts & awards,what to give for retirement gift,42,2,14.7
gifts & awards,best gifts for retirement men,36,1,9.8
gifts & awards,gift ideas for men on retirement,34,2,8
gifts & awards,gift idea for retirement men,33,1,9.8
gifts & awards,gift ideas on retirement,32,1,13.4
gifts & awards,superlative ideas,32,2,13.6
gifts & awards,retirement gifts ideas for men,31,2,9.4
gifts & awards,superlatives examples for work,30,3,8.1
gifts & awards,superlative examples,30,2,13.5
gifts & awards,what gift to give on retirement,30,2,10.8
gifts & awards,retirement function gift ideas,29,2,9
gifts & awards,best retirement gift for men,27,1,9.8
gifts & awards,superlative examples for work,24,3,7.3
gifts & awards,best gifts for retired men,23,1,9.3
gifts & awards,best retirement gift ideas for men,23,2,11.3
gifts & awards,secret santa ideas for coworkers,22,2,29.6
gifts & awards,best gift on retirement for men,20,2,6.2
gifts & awards,spot awards examples,20,2,5.8
gifts & awards,gift ideas for secretary,19,1,9.4
gifts & awards,best gifts for retirement function,18,2,9.5
gifts & awards,gift ideas for men retirement,17,1,9.1
gifts & awards,best gift for a retired person,17,1,10.2
gifts & awards,best gift to give on retirement,15,1,10.6
gifts & awards,employee retirement gift ideas,15,1,18
gifts & awards,gift ideas for secretary's day,14,1,8.6
gifts & awards,gifts ideas for retirement party,13,1,9.5
gifts & awards,mothers day gift ideas for employees,13,1,7.9
gifts & awards,gift ideas for retiring boss,12,1,11.4
gifts & awards,gift ideas retirement male,12,1,9.5
gifts & awards,what is a good retirement gift for a man in india,12,2,12.1
gifts & awards,gift ideas for retirement women,10,1,8.4
gifts & awards,coworker mother's day gift ideas,10,1,9.7
gifts & awards,after retirement gift ideas,9,1,11
gifts & awards,gift ideas for retirement female,8,1,11.5
gifts & awards,superlative ideas for coworkers,8,2,10.6
gifts & awards,admin assistant gift ideas,7,1,12
gifts & awards,gift ideas for office secret santa,6,1,14
gifts & awards,best gift for retired men,6,1,10.5
gifts & awards,best gift ideas for retirement party,5,1,11.8
gifts & awards,mothers day corporate gift ideas,4,1,8
gifts & awards,gift ideas for admin day,3,1,12
gifts & awards,awards for employees ideas,3,1,12.7
gifts & awards,colleague retirement gift ideas,3,2,6.3
gifts & awards,adult secret santa gift ideas,2,1,16
gifts & awards,gift for retirement men ideas,1,1,8
gifts & awards,gift ideas farewell,1,1,99
gifts & awards,best digital gifts,1,1,8
gifts & awards,best gift for retirement function in india,1,1,12
gifts & awards,best gift ideas for retirement men,1,1,18
gifts & awards,best virtual gift,1,1,16
leadership & culture,is nepotism bad,538,3,6.9
leadership & culture,organizational culture examples,500,1,46.5
leadership & culture,why is nepotism bad,110,4,5.4
leadership & culture,what is contemporary leadership,85,4,4.3
leadership & culture,contemporary leadership meaning,28,1,2.9
leadership & culture,is nepotism good or bad,1,1,19
misc / meanings,future endeavors meaning,23144,3,7.3
misc / meanings,future endeavours meaning,18150,6,6.8
misc / meanings,future endeavor meaning,11219,1,7.6
misc / meanings,loa meaning,11137,1,8.2
misc / meanings,endeavour meaning,3420,2,1.8
misc / meanings,endeavor meaning,2775,12,2.2
misc / meanings,emotional resonance meaning,2732,6,4.3
misc / meanings,all the best for your future endeavours meaning,1543,1,8.3
misc / meanings,endeavors meaning,1282,4,2.3
misc / meanings,what is workplace diversity,1222,3,13.5
misc / meanings,demotion meaning,1161,1,14.8
misc / meanings,all the best for your future endeavors meaning,1017,2,8.4
misc / meanings,career development plan example,824,1,3.6
misc / meanings,emotionally resonant meaning,734,3,4.4
misc / meanings,resonance meaning emotion,544,3,5.5
misc / meanings,meaning of future endeavours,534,1,7
misc / meanings,self-appraisal comments by employee example,459,3,22.3
misc / meanings,csr ideas,369,1,25
misc / meanings,act your wage meaning,319,1,9.3
misc / meanings,development plan example,304,1,1.5
misc / meanings,blue collar examples,257,1,3.7
misc / meanings,how does employee involvement build relationships,252,2,17.8
misc / meanings,differentiation strategy example,242,2,10.3
misc / meanings,csr activities ideas for employees,237,6,10.6
misc / meanings,company examples,201,1,3.4
misc / meanings,best wishes for your future endeavours meaning,166,1,9.3
misc / meanings,company party ideas,162,1,21.9
misc / meanings,job performance meaning,152,3,7.8
misc / meanings,how to welcome new team members,130,1,7.4
misc / meanings,difference between inclusivity and diversity,122,1,3.6
misc / meanings,micro manage meaning,105,1,31.9
misc / meanings,nurturing talent meaning,90,1,3.1
misc / meanings,how to celebrate juneteenth,88,1,30.6
misc / meanings,miscommunication examples,88,1,25.3
misc / meanings,how do i become a better active listener in conversations?,75,5,7.5
misc / meanings,what is job performance,71,3,9.4
misc / meanings,lonely at the top meaning,62,1,10.5
misc / meanings,new employee welcome kit ideas,62,1,18.2
misc / meanings,number of ideas generated in value creation portal self appraisal comments,47,2,7.1
misc / meanings,incentive meaning,44,1,4.5
misc / meanings,how to make employees feel valued,38,1,27.8
misc / meanings,best wishes for future endeavours,38,2,1.7
misc / meanings,memorial day ideas for work,37,2,15.5
misc / meanings,meaning of endeavors,33,1,2.1
misc / meanings,csr event ideas,29,1,30.2
misc / meanings,self appraisal examples,26,2,49.6
misc / meanings,ideas de reconocimiento laboral,25,1,4.4
misc / meanings,examples of miscommunication,25,1,13.8
misc / meanings,emotional resonance examples,24,1,8.5
misc / meanings,acr remarks sample,24,2,7.8
misc / meanings,appraisee comment sample,24,2,8.7
misc / meanings,reporting officer comments on appraisal sample,23,3,8.8
misc / meanings,how to write self appraisal in apar,21,2,4.8
misc / meanings,how to compliment a coworker examples,19,2,8.6
misc / meanings,give me some ideas for a low-key housewarming party,18,1,6.2
misc / meanings,employee growth plan template,18,1,1.2
misc / meanings,office peacocking meaning,17,1,4.4
misc / meanings,appraiser remarks sample,16,1,8.1
misc / meanings,is flexjobs worth it,15,1,2
misc / meanings,my future endeavors meaning,15,1,6.3
misc / meanings,endeavour future meaning,15,1,5.8
misc / meanings,corporate life meaning,14,2,2.1
misc / meanings,key contributions examples,13,1,14.3
misc / meanings,cross functional team example,12,1,41.4
misc / meanings,fun work party ideas,10,1,16.6
misc / meanings,good performance letter sample,10,1,9.3
misc / meanings,employment compensation meaning,9,1,9.6
misc / meanings,appraisal sample,8,1,32.4
misc / meanings,how would you rate your goals overall,7,1,4.3
misc / meanings,employee comments on appraisal sample,7,1,31.1
misc / meanings,star performer of the month template,6,2,4.5
misc / meanings,how to develop high performing teams,5,1,58.8
misc / meanings,how to improve work life balance,5,1,54.8
misc / meanings,how to write self appraisal comments,5,1,15.4
misc / meanings,employee of the month nomination sample,4,1,15.2
misc / meanings,r&r ideas,4,2,5.8
misc / meanings,what is employee relationship management,4,2,9.2
misc / meanings,how would you rate your goals overall?,2,1,4.5
misc / meanings,contribution to the company from employee examples,2,1,13
misc / meanings,aligned meaning,2,1,2
misc / meanings,good luck for your new endeavor meaning,1,1,11
misc / meanings,graduation party food idea,1,1,1
misc / meanings,how can i take leave of absence from work,1,1,1
misc / meanings,how do i check the balance,1,1,1
misc / meanings,how do i get my life back on track,1,1,1
misc / meanings,how to acknowledge juneteenth at work,1,1,36
misc / meanings,how to celebrate mothers day at work,1,1,3
misc / meanings,how to make the time go by faster at work,1,1,5
misc / meanings,meaning of lonely at the top,1,1,12
misc / meanings,meaning of performance,1,1,1
misc / meanings,memorial day office ideas,1,1,16
misc / meanings,office events ideas,1,1,87
misc / meanings,best wishes for all your future endeavors,1,1,1
misc / meanings,can you please let me know,1,1,7
misc / meanings,corporate team outing ideas,1,1,14
misc / meanings,cultural diversity day ideas,1,1,4
recognition & rewards,best employee recognition software,746,1,35.2
recognition & rewards,employee recognition board ideas,715,1,7.1
recognition & rewards,employee recognition template,648,2,28.4
recognition & rewards,rewards and recognition ideas,635,5,19.8
recognition & rewards,employee recognition award ideas,562,1,16.6
recognition & rewards,extrinsic rewards examples,515,3,10.6
recognition & rewards,intrinsic rewards examples,482,2,9.4
recognition & rewards,recognition board ideas,384,2,2.6
recognition & rewards,employee recognition wall ideas,303,1,5
recognition & rewards,recognition awards examples,228,2,17.6
recognition & rewards,unique employee appreciation ideas,193,2,9.5
recognition & rewards,employee recognition email template,73,1,28.2
recognition & rewards,appreciation letter sample,62,1,26.6
recognition & rewards,compensated recognition meaning,16,2,2.2
recognition & rewards,awards vs rewards,15,1,14.3
recognition & rewards,how to thank a colleague for their support,14,1,8.6
recognition & rewards,how to nominate an employee for recognition,12,1,34.6
recognition & rewards,how to redeem kudos points tech mahindra,3,3,1
recognition & rewards,how to choose employee recognition software,1,1,12
recognition & rewards,how to give kudos to a coworker,1,1,8
recognition & rewards,how to send appreciation message,1,1,9
retention & turnover,employee retention dashboard excel template free,7,2,7
retention & turnover,how to stop attrition,5,1,39.4
retention & turnover,how to negotiate a retention bonus,1,1,1
software / platform buyers,employee benefits platform providers,120,1,54.2
software / platform buyers,christmas potluck ideas for work,49,1,15.9
software / platform buyers,best human capital management platforms,1,1,60
software / platform buyers,best performance management software in india,1,1,1
surveys & feedback,how to handle employee grievances,3059,1,8.5
surveys & feedback,employee benefits survey,457,1,59.5
surveys & feedback,negative feedback examples,69,1,10.4
surveys & feedback,what is a pulse check meeting,38,2,4.4
surveys & feedback,confidential vs anonymous survey,15,1,25.3
surveys & feedback,survey incentive ideas,15,2,18
